id;title;video_id;description
1;deposit e-business;management;Ethiopian 4th Namibia
2;Tools Supervisor Estate;Chicken Money;Ghana Carolina program
3;database Avon;Data Sausages 5th;navigating Glen
4;copy Granite Licensed;Rubber plug-and-play Solutions;Delaware hacking teal
5;empowering Buckinghamshire;generating Assimilated quantify;Consultant Tasty Sleek
6;backing;hard magenta payment;revolutionize Generic
7;transition Forward;New Product;States Exclusive
8;Wyoming;South overriding Avon;embrace
9;Wooden transition;dynamic Cambridgeshire XML;Fresh Burgs
10;e-commerce Bedfordshire reinvent;Organized Greenland;Nicaragua Polarised Sleek
